Coupon Code,Expiry Date
NK000545,7/31/2018
NK000546,8/1/2018
NK000547,8/2/2018
NK000548,8/3/2018
NK000549,8/4/2018
NK000550,8/5/2018
NK000551,8/6/2018
NK000552,8/7/2018
NK000553,8/8/2018
NK000554,8/9/2018
NK000555,8/10/2018
NK000556,8/11/2018
NK000557,8/12/2018
NK000558,8/13/2018
NK000559,8/14/2018
NK000560,8/15/2018
NK000561,8/16/2018
NK000562,8/17/2018
NK000563,8/18/2018
NK000564,8/19/2018
NK000565,8/20/2018
NK000566,8/21/2018
NK000567,8/22/2018
NK000568,8/23/2018
NK000569,8/24/2018
NK000570,8/25/2018
NK000571,8/26/2018
NK000572,8/27/2018
NK000573,8/28/2018
NK000574,8/29/2018
NK000575,8/30/2018
NK000576,8/31/2018
NK000577,9/1/2018
NK000578,9/2/2018
NK000579,9/3/2018
NK000580,9/4/2018
NK000581,9/5/2018
NK000582,9/6/2018
NK000583,9/7/2018
NK000584,9/8/2018
NK000585,9/9/2018
NK000586,9/10/2018
NK000587,9/11/2018
NK000588,9/12/2018
NK000589,9/13/2018
NK000590,9/14/2018
NK000591,9/15/2018
NK000592,9/16/2018
NK000593,9/17/2018
NK000594,9/18/2018
NK000595,9/19/2018
NK000596,9/20/2018
NK000597,9/21/2018
NK000598,9/22/2018
NK000599,9/23/2018
NK000600,9/24/2018
NK000601,9/25/2018
NK000602,9/26/2018
NK000603,9/27/2018
NK000604,9/28/2018
NK000605,9/29/2018
NK000606,9/30/2018
NK000607,10/1/2018
NK000608,10/2/2018
NK000609,10/3/2018
NK000610,10/4/2018
NK000611,10/5/2018
NK000612,10/6/2018
NK000613,10/7/2018
NK000614,10/8/2018
NK000615,10/9/2018
NK000616,10/10/2018
NK000617,10/11/2018
NK000618,10/12/2018
NK000619,10/13/2018
NK000620,10/14/2018
NK000621,10/15/2018
NK000622,10/16/2018
NK000623,10/17/2018
NK000624,10/18/2018
NK000625,10/19/2018
NK000626,10/20/2018
NK000627,10/21/2018
NK000628,10/22/2018
NK000629,10/23/2018
NK000630,10/24/2018
NK000631,10/25/2018
NK000632,10/26/2018
NK000633,10/27/2018
NK000634,10/28/2018
NK000635,10/29/2018
NK000636,10/30/2018
NK000637,10/31/2018
NK000638,11/1/2018
NK000639,11/2/2018
NK000640,11/3/2018
NK000641,11/4/2018
NK000642,11/5/2018
NK000643,11/6/2018
NK000644,11/7/2018
NK000645,11/8/2018
NK000646,11/9/2018
NK000647,11/10/2018
NK000648,11/11/2018
NK000649,11/12/2018
NK000650,11/13/2018
NK000651,11/14/2018
NK000652,11/15/2018
NK000653,11/16/2018
NK000654,11/17/2018
NK000655,11/18/2018
NK000656,11/19/2018
NK000657,11/20/2018
NK000658,11/21/2018
NK000659,11/22/2018
NK000660,11/23/2018
NK000661,11/24/2018
NK000662,11/25/2018
NK000663,11/26/2018
NK000664,11/27/2018
NK000665,11/28/2018
NK000666,11/29/2018
NK000667,11/30/2018
NK000668,12/1/2018
NK000669,12/2/2018
NK000670,12/3/2018
NK000671,12/4/2018
NK000672,12/5/2018
NK000673,12/6/2018
NK000674,12/7/2018
NK000675,12/8/2018
NK000676,12/9/2018
NK000677,12/10/2018
NK000678,12/11/2018
NK000679,12/12/2018
NK000680,12/13/2018
NK000681,12/14/2018
NK000682,12/15/2018
NK000683,12/16/2018
NK000684,12/17/2018
NK000685,12/18/2018
NK000686,12/19/2018
NK000687,12/20/2018
NK000688,12/21/2018
NK000689,12/22/2018
NK000690,12/23/2018
NK000691,12/24/2018
NK000692,12/25/2018
NK000693,12/26/2018
NK000694,12/27/2018
NK000695,12/28/2018
NK000696,12/29/2018
NK000697,12/30/2018
NK000698,12/31/2018
NK000699,1/1/2019
NK000700,1/2/2019
NK000701,1/3/2019
NK000702,1/4/2019
NK000703,1/5/2019
NK000704,1/6/2019
NK000705,1/7/2019
NK000706,1/8/2019
NK000707,1/9/2019
NK000708,1/10/2019
NK000709,1/11/2019
NK000710,1/12/2019
NK000711,1/13/2019
NK000712,1/14/2019
NK000713,1/15/2019
NK000714,1/16/2019
NK000715,1/17/2019
NK000716,1/18/2019
NK000717,1/19/2019
NK000718,1/20/2019
NK000719,1/21/2019
NK000720,1/22/2019
NK000721,1/23/2019
NK000722,1/24/2019
NK000723,1/25/2019
NK000724,1/26/2019
NK000725,1/27/2019
NK000726,1/28/2019
NK000727,1/29/2019
NK000728,1/30/2019
NK000729,1/31/2019
NK000730,2/1/2019
NK000731,2/2/2019
NK000732,2/3/2019
NK000733,2/4/2019
NK000734,2/5/2019
NK000735,2/6/2019
NK000736,2/7/2019
NK000737,2/8/2019
NK000738,2/9/2019
NK000739,2/10/2019
NK000740,2/11/2019
NK000741,2/12/2019
NK000742,2/13/2019
NK000743,2/14/2019
NK000744,2/15/2019
NK000745,2/16/2019
NK000746,2/17/2019
NK000747,2/18/2019
NK000748,2/19/2019
NK000749,2/20/2019
NK000750,2/21/2019
NK000751,2/22/2019
NK000752,2/23/2019
NK000753,2/24/2019
NK000754,2/25/2019
NK000755,2/26/2019
NK000756,2/27/2019
NK000757,2/28/2019
NK000758,3/1/2019
NK000759,3/2/2019
NK000760,3/3/2019
NK000761,3/4/2019
NK000762,3/5/2019
NK000763,3/6/2019
NK000764,3/7/2019
NK000765,3/8/2019
NK000766,3/9/2019
NK000767,3/10/2019
NK000768,3/11/2019
NK000769,3/12/2019
NK000770,3/13/2019
NK000771,3/14/2019
NK000772,3/15/2019
NK000773,3/16/2019
NK000774,3/17/2019
NK000775,3/18/2019
NK000776,3/19/2019
NK000777,3/20/2019
NK000778,3/21/2019
NK000779,3/22/2019
NK000780,3/23/2019
NK000781,3/24/2019
NK000782,3/25/2019
NK000783,3/26/2019
NK000784,3/27/2019
NK000785,3/28/2019
NK000786,3/29/2019
NK000787,3/30/2019
NK000788,3/31/2019
NK000789,4/1/2019
NK000790,4/2/2019
NK000791,4/3/2019
NK000792,4/4/2019
NK000793,4/5/2019
NK000794,4/6/2019
NK000795,4/7/2019
NK000796,4/8/2019
NK000797,4/9/2019
NK000798,4/10/2019
NK000799,4/11/2019
NK000800,4/12/2019
NK000801,4/13/2019
NK000802,4/14/2019
NK000803,4/15/2019
NK000804,4/16/2019
NK000805,4/17/2019
NK000806,4/18/2019
NK000807,4/19/2019
NK000808,4/20/2019
NK000809,4/21/2019
NK000810,4/22/2019
NK000811,4/23/2019
NK000812,4/24/2019
NK000813,4/25/2019
NK000814,4/26/2019
NK000815,4/27/2019
NK000816,4/28/2019
NK000817,4/29/2019
NK000818,4/30/2019
NK000819,5/1/2019
NK000820,5/2/2019
NK000821,5/3/2019
NK000822,5/4/2019
NK000823,5/5/2019
NK000824,5/6/2019
NK000825,5/7/2019
NK000826,5/8/2019
NK000827,5/9/2019
NK000828,5/10/2019
NK000829,5/11/2019
NK000830,5/12/2019
NK000831,5/13/2019
NK000832,5/14/2019
NK000833,5/15/2019
NK000834,5/16/2019
NK000835,5/17/2019
NK000836,5/18/2019
NK000837,5/19/2019
NK000838,5/20/2019
NK000839,5/21/2019
NK000840,5/22/2019
NK000841,5/23/2019
NK000842,5/24/2019
NK000843,5/25/2019
NK000844,5/26/2019
NK000845,5/27/2019
NK000846,5/28/2019
NK000847,5/29/2019
NK000848,5/30/2019
NK000849,5/31/2019
NK000850,6/1/2019
NK000851,6/2/2019
NK000852,6/3/2019
NK000853,6/4/2019
NK000854,6/5/2019
NK000855,6/6/2019
NK000856,6/7/2019
NK000857,6/8/2019
NK000858,6/9/2019
NK000859,6/10/2019
NK000860,6/11/2019
NK000861,6/12/2019
NK000862,6/13/2019
NK000863,6/14/2019
NK000864,6/15/2019
NK000865,6/16/2019
NK000866,6/17/2019
NK000867,6/18/2019
NK000868,6/19/2019
NK000869,6/20/2019
NK000870,6/21/2019
NK000871,6/22/2019
NK000872,6/23/2019
NK000873,6/24/2019
NK000874,6/25/2019
NK000875,6/26/2019
NK000876,6/27/2019
NK000877,6/28/2019
NK000878,6/29/2019
NK000879,6/30/2019
NK000880,7/1/2019
NK000881,7/2/2019
NK000882,7/3/2019
NK000883,7/4/2019
NK000884,7/5/2019
NK000885,7/6/2019
NK000886,7/7/2019
NK000887,7/8/2019
NK000888,7/9/2019
NK000889,7/10/2019
NK000890,7/11/2019
NK000891,7/12/2019
NK000892,7/13/2019
NK000893,7/14/2019
NK000894,7/15/2019
NK000895,7/16/2019
NK000896,7/17/2019
NK000897,7/18/2019
NK000898,7/19/2019
NK000899,7/20/2019
NK000900,7/21/2019
NK000901,7/22/2019
NK000902,7/23/2019
NK000903,7/24/2019
NK000904,7/25/2019
NK000905,7/26/2019
NK000906,7/27/2019
NK000907,7/28/2019
NK000908,7/29/2019
NK000909,7/30/2019
NK000910,7/31/2019
NK000911,8/1/2019
NK000912,8/2/2019
NK000913,8/3/2019
NK000914,8/4/2019
NK000915,8/5/2019
NK000916,8/6/2019
NK000917,8/7/2019
NK000918,8/8/2019
NK000919,8/9/2019
NK000920,8/10/2019
NK000921,8/11/2019
NK000922,8/12/2019
NK000923,8/13/2019
NK000924,8/14/2019
NK000925,8/15/2019
NK000926,8/16/2019
NK000927,8/17/2019
NK000928,8/18/2019
NK000929,8/19/2019
NK000930,8/20/2019
NK000931,8/21/2019
NK000932,8/22/2019
NK000933,8/23/2019
NK000934,8/24/2019
NK000935,8/25/2019
NK000936,8/26/2019
NK000937,8/27/2019
NK000938,8/28/2019
NK000939,8/29/2019
NK000940,8/30/2019
NK000941,8/31/2019
NK000942,9/1/2019
NK000943,9/2/2019
NK000944,9/3/2019
NK000945,9/4/2019
NK000946,9/5/2019
NK000947,9/6/2019
NK000948,9/7/2019
NK000949,9/8/2019
NK000950,9/9/2019
NK000951,9/10/2019
NK000952,9/11/2019
NK000953,9/12/2019
NK000954,9/13/2019
NK000955,9/14/2019
NK000956,9/15/2019
NK000957,9/16/2019
NK000958,9/17/2019
NK000959,9/18/2019
NK000960,9/19/2019
NK000961,9/20/2019
NK000962,9/21/2019
NK000963,9/22/2019
NK000964,9/23/2019
NK000965,9/24/2019
NK000966,9/25/2019
NK000967,9/26/2019
NK000968,9/27/2019
NK000969,9/28/2019
NK000970,9/29/2019
NK000971,9/30/2019
NK000972,10/1/2019
NK000973,10/2/2019
NK000974,10/3/2019
NK000975,10/4/2019
NK000976,10/5/2019
NK000977,10/6/2019
NK000978,10/7/2019
NK000979,10/8/2019
NK000980,10/9/2019
NK000981,10/10/2019
NK000982,10/11/2019
NK000983,10/12/2019
NK000984,10/13/2019
NK000985,10/14/2019
NK000986,10/15/2019
NK000987,10/16/2019
NK000988,10/17/2019
NK000989,10/18/2019
NK000990,10/19/2019
NK000991,10/20/2019
NK000992,10/21/2019
NK000993,10/22/2019
NK000994,10/23/2019
NK000995,10/24/2019
NK000996,10/25/2019
NK000997,10/26/2019
NK000998,10/27/2019
NK000999,10/28/2019
NK001000,10/29/2019
NK001001,10/30/2019
NK001002,10/31/2019
NK001003,11/1/2019
NK001004,11/2/2019
NK001005,11/3/2019
NK001006,11/4/2019
NK001007,11/5/2019
NK001008,11/6/2019
NK001009,11/7/2019
NK001010,11/8/2019
NK001011,11/9/2019
NK001012,11/10/2019
NK001013,11/11/2019
NK001014,11/12/2019
NK001015,11/13/2019
NK001016,11/14/2019
NK001017,11/15/2019
NK001018,11/16/2019
NK001019,11/17/2019
NK001020,11/18/2019
NK001021,11/19/2019
NK001022,11/20/2019
NK001023,11/21/2019
NK001024,11/22/2019
NK001025,11/23/2019
NK001026,11/24/2019
NK001027,11/25/2019
NK001028,11/26/2019
NK001029,11/27/2019
NK001030,11/28/2019
NK001031,11/29/2019
NK001032,11/30/2019
NK001033,12/1/2019
NK001034,12/2/2019
NK001035,12/3/2019
NK001036,12/4/2019
NK001037,12/5/2019
NK001038,12/6/2019
NK001039,12/7/2019
NK001040,12/8/2019
NK001041,12/9/2019
NK001042,12/10/2019
NK001043,12/11/2019
